,fa,fa@gmail.com
1,fate,fate@gamil.com
2,anwar,anwar@gmail.com
3,bara'ah,bara'ah@gmail.com
,fatma,fghjktyuk
,anwar,rtyul;kjhg
,bara'ah ,aftgyuootyj
9,MR.a,mr.a@gmail.com
10,MR.b,mr.b@gmail.com
11,MR.c,mr.c@gmail.com
12,fat,qwertyuio;l
13,anwar ,asdfghklhjk
14,wasen,rtyukljhg
15,noor,noor@gmail.com
16,fatma,fatma@gmail.com
17,fate,fateee@gmail.com
18,ma,ma@gmail.com
19,fghjhg,sdfghjkou
20,asrtyukn,rtyukjhgftyui
21,dfghuy,dfghjmnb
22,wefghjm,rtyuikjh
23,fatma,fatwefghjk
24,efbhj,difdsdfghjk
25,fhhjghjk,juik
26,ergbvcc,ertghh
27,fghjuyh,tyufghjkl
28,sdfghj,syui;l
